0,raison,adresse_1,adresses_2
1,Hubert-Dupuy Top Elec Spécialiste,782 boulevard de Morvan,85518 RousseauVille
2,Daniel Appolo Électricité Pro,16 boulevard Turpin,53449 Ferrand
3,Sauvage Appolo Électricité 2000,9 rue Pineau,56997 Saint Élisabeth
4,Ledoux Plate-forme Elec Pièces,53 rue de Collet,98471 Pierre
5,Wagner Excel Électricité Plus,78 chemin Astrid Moreno,00718 Voisin
6,Brunet Top Dépanneur Pro,10 avenue Lucas Bernard,89579 Normand-la-Forêt
7,Marty Confiance Dépanneur Pro,69 avenue de Da Silva,88501 AdamBourg
8,Alves Top Elec 2000,83 boulevard Chauvet,07499 LévyVille
9,Sousa Plate-forme Électricité Pièces,18 rue de Carpentier,48607 Collin-les-Bains
10,Louis Excel Électricité Pro,21 avenue de Bailly,23268 Leroy-les-Bains
11,Albert Giga Électricité Pro,500 rue Martel,72022 Berthelot
12,Daniel Confiance Électricité Spécialiste,81 avenue Pauline Marchal,16957 Saint Augustin
13,Boulanger-Lemoine Confiance Elec Plus,94 boulevard Jacques,81623 Rey
14,Guillet Confiance Dépanneur ++,551 rue Arnaude Vallet,10801 Mercier-sur-Mer
15,Ferrand Excel Elec Spécialiste,91 boulevard Lorraine Rivière,87871 Morin
16,Barthelemy Appolo Dépanneur Pièces,782 chemin Adèle Guichard,95153 CharlesVille
17,Valentin Confiance Elec Composants,18 chemin de Guilbert,14737 Roy
18,Lucas Appolo Dépanneur Pro,36 chemin Laure Mace,46414 Chauveau
19,Valentin Top Dépanneur ++,8 rue de Coste,61910 Bernier
20,Lefebvre Top Électricité Pro,917 avenue Nicole Renaud,36285 Gaudin
21,Roger Appolo Électricité Pro,903 rue de Laporte,87927 Martinez
22,Joubert Plate-forme Électricité Pièces,68 avenue Mahe,42201 Saint Rémy
23,Leroux Giga Elec Pièces,22 rue de Dijoux,43767 Giraud
24,Picard Giga Électricité 2000,301 rue Isaac Collet,32668 Reynaud
25,Blin Appolo Elec 2000,47 chemin Didier,39292 Barthelemy
26,Ramos Confiance Elec 2000,72 chemin André Boulay,97323 Masse
27,Brun Plate-forme Elec Spécialiste,81 boulevard de Meyer,53723 Chauvet
28,Pruvost-Guerin Confiance Dépanneur Composants,69 chemin Maryse Verdier,40163 Saint Alain
29,Costa Excel Électricité Pro,3 rue Gabriel Lévy,39154 Payetdan
30,Lecoq Excel Elec Spécialiste,23 rue Suzanne Collet,01068 Richardboeuf
31,Simon Plate-forme Électricité Spécialiste,36 boulevard de Bazin,63061 Sainte AlexVille
32,Lelievre Top Elec Pièces,91 rue de Louis,45610 Meunier
33,Gosselin Confiance Électricité Composants,31 chemin de Benard,24506 Gilles
34,Leroux Appolo Électricité Composants,83 avenue Lévy,85534 Lefebvre
35,Marty Excel Dépanneur ++,12 rue de Rossi,93121 Sainte YvesBourg
36,Blondel Excel Électricité ++,85 boulevard de Gay,00378 Saint Paulboeuf
37,Adam Excel Dépanneur Pièces,50 rue Gomes,76608 Hoareau
38,Bouvet Plate-forme Elec Spécialiste,66 avenue Cécile Salmon,05223 Roussel
39,Pruvost-Guerin Excel Dépanneur Pièces,99 rue Alix Menard,40360 Chevallier
40,Gosselin Giga Dépanneur ++,51 chemin Auguste Martineau,59253 Mercier-sur-Hardy
41,Julien Excel Dépanneur Pièces,5 chemin Alexandrie Valette,55253 Saint Corinne-les-Bains
42,Hamel Appolo Elec 2000,52 avenue de Dupuis,28423 Saint Manonnec
43,Jacquot Giga Électricité Pièces,51 rue de Diaz,54288 Saint Agathe-la-Forêt
44,Lamy Plate-forme Électricité Pro,12 rue Dijoux,35047 Auger
45,Adam Giga Dépanneur Spécialiste,4 avenue de Joseph,64601 Sainte Marianneboeuf
46,Hamel Confiance Électricité Spécialiste,53 chemin de Techer,46919 Charpentier-sur-Blanchet
47,Blondel Giga Électricité ++,832 rue Paul Payet,44914 Saint Michelle-sur-Mer
48,Pineau Plate-forme Électricité Plus,72 chemin de Maréchal,57653 Huet-la-Forêt
49,Leroux Plate-forme Elec Plus,1 rue Brunel,19328 Pelletierdan
50,Julien Excel Dépanneur Composants,2 avenue Adrien Bernier,21172 Lefebvre
51,Daniel Plate-forme Électricité 2000,18 rue Arthur Fouquet,83230 Lacroixnec
52,Lucas Confiance Elec ++,60 avenue Lebrun,95988 BlancVille
53,Bouvet Top Elec Composants,237 avenue Marguerite Renault,37633 Sainte Alexandriadan
54,Picard Giga Dépanneur 2000,34 rue de Fabre,41752 Saint ArnaudeBourg
55,Laurent Plate-forme Dépanneur Composants,41 boulevard Roger Benoit,91292 Ribeiro-sur-Mer
56,Valentin Confiance Elec Spécialiste,53 avenue Raymond Leconte,74678 Blot
57,Chretien Giga Elec Pro,464 rue de Duval,58242 Saint Noémi
58,Maury Top Électricité Spécialiste,88 avenue Arthur Lemaire,95525 Sainte Frédériquenec
59,Gosselin Giga Dépanneur Pro,22 boulevard Danielle Bonnin,45599 Saint Jacques
60,Albert Excel Électricité Spécialiste,49 rue Catherine Bourgeois,70576 Étienne
61,Pineau Appolo Dépanneur Pièces,15 rue de Bonnet,56641 Pages
62,Roger Appolo Elec Spécialiste,1 rue de Guyot,20249 Huetboeuf
63,Mace Appolo Électricité Plus,895 boulevard de Grenier,04254 Sainte Marceldan
64,Gosselin Excel Elec Pièces,18 avenue de Langlois,23562 Lévynec
65,Dupuis Plate-forme Elec Spécialiste,68 boulevard Lecomte,46550 Voisin
66,Gosselin Plate-forme Dépanneur 2000,39 rue Noémi Leroux,85849 Charpentier-les-Bains
67,Renard Confiance Électricité Pro,796 rue Garcia,60999 Andre
68,Maury Excel Dépanneur Plus,3 chemin Dupuis,41146 Gonzalez
69,Leroux Confiance Dépanneur 2000,61 rue Julie Millet,80567 Denis
70,Hubert-Dupuy Appolo Dépanneur ++,1 rue Leroy,76903 Guyon-sur-Mallet
71,Rossi Confiance Dépanneur Plus,703 rue Alexandrie Guichard,61750 Jacob
72,Samson Giga Dépanneur Pro,67 rue Aurore Albert,86954 Royer-sur-Dijoux
73,Bonnet Excel Électricité Pièces,77 rue Georges Martins,12531 Bourgeois
74,Blin Plate-forme Dépanneur ++,99 rue Adrien Raynaud,51487 Gomes-sur-Foucher
75,Valentin Giga Elec Plus,91 rue Rodriguez,82255 Sainte Isabelle-la-Forêt
76,Lagarde Plate-forme Dépanneur Spécialiste,4 rue de Michaud,33414 VoisinBourg
77,Lagarde Top Dépanneur ++,50 avenue Carpentier,63501 Le Roux
78,Picard Giga Dépanneur Pro,39 rue de Bernard,76328 Bodinnec
79,Hubert-Dupuy Appolo Électricité 2000,515 rue de Bonnin,24567 Masse
80,Boulanger-Lemoine Appolo Électricité Plus,7 avenue Moulin,55215 Gosselin-sur-Mer
81,Barre-Valentin Excel Elec Pièces,7 avenue Chauvin,34561 Étienne
82,Bernier Confiance Elec Pièces,3 avenue Valentin,72963 Ribeiro
83,Bouvet Top Électricité Composants,77 avenue Grégoire Maillard,39453 Vidal
84,Deschamps Plate-forme Elec Spécialiste,990 chemin Arnaud,09829 Delmas-sur-Ledoux
85,Gallet Appolo Elec Composants,42 rue Morel,83028 Fouquet
86,Samson Appolo Dépanneur 2000,3 boulevard Bouvet,25566 Charpentier
87,Ferrand Excel Dépanneur 2000,3 rue Camille De Sousa,11239 Da Costa
88,Devaux Excel Elec Plus,95 avenue Lacombe,39349 Dias-sur-Martel
89,Marechal Appolo Électricité Composants,4 rue de Perrot,79006 Tessier
90,Carlier Plate-forme Elec Plus,95 rue Jean Baudry,16428 Bouvet
91,Menard Top Dépanneur 2000,637 rue Grenier,98112 Mary-sur-Lacroix
92,Gosselin Top Électricité Spécialiste,887 avenue Stéphanie Devaux,89717 Valléedan
93,Lagarde Top Électricité Pro,9 rue Michelle Teixeira,77507 RaymondBourg
94,Blin Top Électricité Spécialiste,69 rue Techer,76691 Voisin-sur-Mer
95,Valentin Plate-forme Électricité Pro,57 boulevard Wagner,25885 Alves
96,Gomez Appolo Elec Composants,4 avenue Lorraine Lamy,06801 Barbe-sur-Jacques
97,Ferrand-Morin Plate-forme Elec Pièces,77 rue Boutin,00588 Boulay
98,Samson Plate-forme Elec Plus,85 chemin Bernier,61504 Riou
99,Guillet Giga Dépanneur ++,40 avenue de Bouvet,29760 Delahayenec
100,Picard Excel Dépanneur Spécialiste,97 rue Pierre Lefort,89872 Sainte Isaac
